sample,mode,T_low,T_center,T_high,ALEPH,ALEPH_total_unc,MC_density,MC_over_ALEPH
Herwig 7.1.5,all visible,0.58,0.585,0.59,0.00115,0.00070349129,0.065899716,57.304101
Herwig 7.1.5,all visible,0.59,0.595,0.6,0.00229,0.0012399194,0.078710811,34.371533
Herwig 7.1.5,all visible,0.6,0.605,0.61,0.0035,0.0014591093,0.18330894,52.373983
Herwig 7.1.5,all visible,0.61,0.615,0.62,0.00839,0.0020986901,0.18988377,22.632154
Herwig 7.1.5,all visible,0.62,0.625,0.63,0.01283,0.002962769,0.31918613,24.878108
Herwig 7.1.5,all visible,0.63,0.635,0.64,0.02148,0.0047140747,0.29262147,13.622973
Herwig 7.1.5,all visible,0.64,0.645,0.65,0.0433,0.00624495,0.49200085,11.362606
Herwig 7.1.5,all visible,0.65,0.655,0.66,0.06556,0.0060092762,0.63068111,9.6199072
Herwig 7.1.5,all visible,0.66,0.665,0.67,0.10284,0.0087529938,0.6929079,6.7377276
Herwig 7.1.5,all visible,0.67,0.675,0.68,0.12575,0.010910642,0.71480027,5.6842964
Herwig 7.1.5,all visible,0.68,0.685,0.69,0.16396,0.014302059,0.72055847,4.3947211
Herwig 7.1.5,all visible,0.69,0.695,0.7,0.18416,0.017426196,0.87664342,4.7602271
Herwig 7.1.5,all visible,0.7,0.705,0.71,0.21424,0.016380446,0.89674489,4.1857024
Herwig 7.1.5,all visible,0.71,0.715,0.72,0.24814,0.022485075,0.79943616,3.2217142
Herwig 7.1.5,all visible,0.72,0.725,0.73,0.29427,0.022167641,0.83497048,2.8374298
Herwig 7.1.5,all visible,0.73,0.735,0.74,0.34347,0.021270538,0.87953627,2.5607368
Herwig 7.1.5,all visible,0.74,0.745,0.75,0.36536,0.022020204,0.97281187,2.6626119
Herwig 7.1.5,all visible,0.75,0.755,0.76,0.43088,0.025987314,1.1732188,2.7228434
Herwig 7.1.5,all visible,0.76,0.765,0.77,0.46923,0.022808213,1.5888124,3.3859992
Herwig 7.1.5,all visible,0.77,0.775,0.78,0.54584,0.022663118,1.9857726,3.6380122
Herwig 7.1.5,all visible,0.78,0.785,0.79,0.59942,0.024884415,2.0872748,3.4821574
Herwig 7.1.5,all visible,0.79,0.795,0.8,0.66087,0.036679069,2.5387515,3.8415294
Herwig 7.1.5,all visible,0.8,0.805,0.81,0.768,0.035146101,2.9092905,3.7881387
Herwig 7.1.5,all visible,0.81,0.815,0.82,0.857,0.037210695,3.1142922,3.6339465
Herwig 7.1.5,all visible,0.82,0.825,0.83,0.98079,0.049712962,3.3516482,3.4172944
Herwig 7.1.5,all visible,0.83,0.835,0.84,1.1127,0.055142726,3.807595,3.4219421
Herwig 7.1.5,all visible,0.84,0.845,0.85,1.27035,0.062496654,4.4112092,3.4724361
Herwig 7.1.5,all visible,0.85,0.855,0.86,1.43939,0.054556527,4.7726087,3.3157162
Herwig 7.1.5,all visible,0.86,0.865,0.87,1.63938,0.065292539,5.0796518,3.09852
Herwig 7.1.5,all visible,0.87,0.875,0.88,1.93459,0.075931955,5.1602377,2.6673547
Herwig 7.1.5,all visible,0.88,0.885,0.89,2.23002,0.076176569,4.9063343,2.2001302
Herwig 7.1.5,all visible,0.89,0.895,0.9,2.63072,0.084213729,4.1854075,1.5909741
Herwig 7.1.5,all visible,0.9,0.905,0.91,3.06214,0.10207912,3.368441,1.1000284
Herwig 7.1.5,all visible,0.91,0.915,0.92,3.70212,0.082993406,2.355027,0.63612931
Herwig 7.1.5,all visible,0.92,0.925,0.93,4.54709,0.10354825,1.5318343,0.33688234
Herwig 7.1.5,all visible,0.93,0.935,0.94,5.64464,0.12556091,0.7062494,0.12511859
Herwig 7.1.5,all visible,0.94,0.945,0.95,7.27722,0.12360353,0.23277108,0.031986264
Herwig 7.1.5,all visible,0.95,0.955,0.96,9.62952,0.16649535,0.043217519,0.0044880242
Herwig 7.1.5,all visible,0.96,0.965,0.97,13.60396,0.22487906,0.034119085,0.002508026
Herwig 7.1.5,all visible,0.97,0.975,0.98,18.56511,0.68998782,0.078504268,0.0042285916
Herwig 7.1.5,all visible,0.98,0.985,0.99,12.88646,0.52803447,1.1372909,0.088254722
Herwig 7.1.5,all visible,0.99,0.995,1,1.31186,0.20153219,29.799738,22.715639
PYTHIA 8.317,all visible,0.58,0.585,0.59,0.00115,0.00070349129,0.051619885,44.886857
PYTHIA 8.317,all visible,0.59,0.595,0.6,0.00229,0.0012399194,0.093972639,41.036087
PYTHIA 8.317,all visible,0.6,0.605,0.61,0.0035,0.0014591093,0.10953494,31.295696
PYTHIA 8.317,all visible,0.61,0.615,0.62,0.00839,0.0020986901,0.18982388,22.625015
PYTHIA 8.317,all visible,0.62,0.625,0.63,0.01283,0.002962769,0.26398817,20.575851
PYTHIA 8.317,all visible,0.63,0.635,0.64,0.02148,0.0047140747,0.31497973,14.663861
PYTHIA 8.317,all visible,0.64,0.645,0.65,0.0433,0.00624495,0.48901526,11.293655
PYTHIA 8.317,all visible,0.65,0.655,0.66,0.06556,0.0060092762,0.58880411,8.9811487
PYTHIA 8.317,all visible,0.66,0.665,0.67,0.10284,0.0087529938,0.63803862,6.2041873
PYTHIA 8.317,all visible,0.67,0.675,0.68,0.12575,0.010910642,0.77048183,6.1270921
PYTHIA 8.317,all visible,0.68,0.685,0.69,0.16396,0.014302059,0.75246471,4.5893188
PYTHIA 8.317,all visible,0.69,0.695,0.7,0.18416,0.017426196,0.78086505,4.2401447
PYTHIA 8.317,all visible,0.7,0.705,0.71,0.21424,0.016380446,0.79669348,3.7186962
PYTHIA 8.317,all visible,0.71,0.715,0.72,0.24814,0.022485075,0.80416896,3.2407873
PYTHIA 8.317,all visible,0.72,0.725,0.73,0.29427,0.022167641,0.83762053,2.8464354
PYTHIA 8.317,all visible,0.73,0.735,0.74,0.34347,0.021270538,0.8041162,2.3411541
PYTHIA 8.317,all visible,0.74,0.745,0.75,0.36536,0.022020204,0.90183132,2.4683362
PYTHIA 8.317,all visible,0.75,0.755,0.76,0.43088,0.025987314,1.0558125,2.4503631
PYTHIA 8.317,all visible,0.76,0.765,0.77,0.46923,0.022808213,1.4478676,3.0856245
PYTHIA 8.317,all visible,0.77,0.775,0.78,0.54584,0.022663118,1.7382112,3.1844701
PYTHIA 8.317,all visible,0.78,0.785,0.79,0.59942,0.024884415,1.9053463,3.1786499
PYTHIA 8.317,all visible,0.79,0.795,0.8,0.66087,0.036679069,2.3099669,3.4953423
PYTHIA 8.317,all visible,0.8,0.805,0.81,0.768,0.035146101,2.719618,3.5411692
PYTHIA 8.317,all visible,0.81,0.815,0.82,0.857,0.037210695,3.0952651,3.6117445
PYTHIA 8.317,all visible,0.82,0.825,0.83,0.98079,0.049712962,3.3462681,3.4118089
PYTHIA 8.317,all visible,0.83,0.835,0.84,1.1127,0.055142726,3.9108436,3.5147332
PYTHIA 8.317,all visible,0.84,0.845,0.85,1.27035,0.062496654,4.3370051,3.4140238
PYTHIA 8.317,all visible,0.85,0.855,0.86,1.43939,0.054556527,4.5888092,3.1880235
PYTHIA 8.317,all visible,0.86,0.865,0.87,1.63938,0.065292539,5.3286454,3.2504028
PYTHIA 8.317,all visible,0.87,0.875,0.88,1.93459,0.075931955,5.3328068,2.7565566
PYTHIA 8.317,all visible,0.88,0.885,0.89,2.23002,0.076176569,5.247203,2.3529847
PYTHIA 8.317,all visible,0.89,0.895,0.9,2.63072,0.084213729,4.5510793,1.7299748
PYTHIA 8.317,all visible,0.9,0.905,0.91,3.06214,0.10207912,3.556544,1.161457
PYTHIA 8.317,all visible,0.91,0.915,0.92,3.70212,0.082993406,2.6330283,0.71122177
PYTHIA 8.317,all visible,0.92,0.925,0.93,4.54709,0.10354825,1.5328842,0.33711324
PYTHIA 8.317,all visible,0.93,0.935,0.94,5.64464,0.12556091,0.74485878,0.1319586
PYTHIA 8.317,all visible,0.94,0.945,0.95,7.27722,0.12360353,0.2136438,0.029357886
PYTHIA 8.317,all visible,0.95,0.955,0.96,9.62952,0.16649535,0.030409257,0.0031579204
PYTHIA 8.317,all visible,0.96,0.965,0.97,13.60396,0.22487906,0.040620702,0.0029859469
PYTHIA 8.317,all visible,0.97,0.975,0.98,18.56511,0.68998782,0.057487864,0.0030965539
PYTHIA 8.317,all visible,0.98,0.985,0.99,12.88646,0.52803447,0.9557585,0.074167653
PYTHIA 8.317,all visible,0.99,0.995,1,1.31186,0.20153219,30.131997,22.968912
Sherpa 2.2.6,all visible,0.58,0.585,0.59,0.00115,0.00070349129,0.051020075,44.365283
Sherpa 2.2.6,all visible,0.59,0.595,0.6,0.00229,0.0012399194,0.096037039,41.937572
Sherpa 2.2.6,all visible,0.6,0.605,0.61,0.0035,0.0014591093,0.13698541,39.138689
Sherpa 2.2.6,all visible,0.61,0.615,0.62,0.00839,0.0020986901,0.16721176,19.929887
Sherpa 2.2.6,all visible,0.62,0.625,0.63,0.01283,0.002962769,0.29445971,22.950874
Sherpa 2.2.6,all visible,0.63,0.635,0.64,0.02148,0.0047140747,0.39544288,18.409818
Sherpa 2.2.6,all visible,0.64,0.645,0.65,0.0433,0.00624495,0.48214429,11.134972
Sherpa 2.2.6,all visible,0.65,0.655,0.66,0.06556,0.0060092762,0.55479541,8.4624071
Sherpa 2.2.6,all visible,0.66,0.665,0.67,0.10284,0.0087529938,0.72292208,7.0295807
Sherpa 2.2.6,all visible,0.67,0.675,0.68,0.12575,0.010910642,0.78722157,6.2602113
Sherpa 2.2.6,all visible,0.68,0.685,0.69,0.16396,0.014302059,0.81879259,4.9938558
Sherpa 2.2.6,all visible,0.69,0.695,0.7,0.18416,0.017426196,0.8432596,4.5789509
Sherpa 2.2.6,all visible,0.7,0.705,0.71,0.21424,0.016380446,0.83073521,3.8775915
Sherpa 2.2.6,all visible,0.71,0.715,0.72,0.24814,0.022485075,0.8375518,3.3753196
Sherpa 2.2.6,all visible,0.72,0.725,0.73,0.29427,0.022167641,0.84023004,2.8553031
Sherpa 2.2.6,all visible,0.73,0.735,0.74,0.34347,0.021270538,0.94907986,2.7632103
Sherpa 2.2.6,all visible,0.74,0.745,0.75,0.36536,0.022020204,1.1250686,3.0793427
Sherpa 2.2.6,all visible,0.75,0.755,0.76,0.43088,0.025987314,1.281156,2.9733477
Sherpa 2.2.6,all visible,0.76,0.765,0.77,0.46923,0.022808213,1.6802781,3.5809264
Sherpa 2.2.6,all visible,0.77,0.775,0.78,0.54584,0.022663118,1.9474124,3.5677348
Sherpa 2.2.6,all visible,0.78,0.785,0.79,0.59942,0.024884415,2.2625312,3.774534
Sherpa 2.2.6,all visible,0.79,0.795,0.8,0.66087,0.036679069,2.5336685,3.833838
Sherpa 2.2.6,all visible,0.8,0.805,0.81,0.768,0.035146101,2.8425983,3.7012999
Sherpa 2.2.6,all visible,0.81,0.815,0.82,0.857,0.037210695,3.0784674,3.5921439
Sherpa 2.2.6,all visible,0.82,0.825,0.83,0.98079,0.049712962,3.6228491,3.6938072
Sherpa 2.2.6,all visible,0.83,0.835,0.84,1.1127,0.055142726,4.0414431,3.6321049
Sherpa 2.2.6,all visible,0.84,0.845,0.85,1.27035,0.062496654,4.4668107,3.5162047
Sherpa 2.2.6,all visible,0.85,0.855,0.86,1.43939,0.054556527,4.7404656,3.2933851
Sherpa 2.2.6,all visible,0.86,0.865,0.87,1.63938,0.065292539,5.3189869,3.2445113
Sherpa 2.2.6,all visible,0.87,0.875,0.88,1.93459,0.075931955,5.2404783,2.7088315
Sherpa 2.2.6,all visible,0.88,0.885,0.89,2.23002,0.076176569,4.9688574,2.2281672
Sherpa 2.2.6,all visible,0.89,0.895,0.9,2.63072,0.084213729,4.3327649,1.6469882
Sherpa 2.2.6,all visible,0.9,0.905,0.91,3.06214,0.10207912,3.2642363,1.0659984
Sherpa 2.2.6,all visible,0.91,0.915,0.92,3.70212,0.082993406,2.3608468,0.63770133
Sherpa 2.2.6,all visible,0.92,0.925,0.93,4.54709,0.10354825,1.4770651,0.32483744
Sherpa 2.2.6,all visible,0.93,0.935,0.94,5.64464,0.12556091,0.69218918,0.12262769
Sherpa 2.2.6,all visible,0.94,0.945,0.95,7.27722,0.12360353,0.16094553,0.022116348
Sherpa 2.2.6,all visible,0.95,0.955,0.96,9.62952,0.16649535,0.049625363,0.0051534618
Sherpa 2.2.6,all visible,0.96,0.965,0.97,13.60396,0.22487906,0.01494316,0.0010984419
Sherpa 2.2.6,all visible,0.97,0.975,0.98,18.56511,0.68998782,0.059465315,0.0032030683
Sherpa 2.2.6,all visible,0.98,0.985,0.99,12.88646,0.52803447,1.1863902,0.092064866
Sherpa 2.2.6,all visible,0.99,0.995,1,1.31186,0.20153219,28.442567,21.681099
PYTHIA 8.317 (Vincia),all visible,0.58,0.585,0.59,0.00115,0.00070349129,0.04214354,36.646557
PYTHIA 8.317 (Vincia),all visible,0.59,0.595,0.6,0.00229,0.0012399194,0.082862928,36.184685
PYTHIA 8.317 (Vincia),all visible,0.6,0.605,0.61,0.0035,0.0014591093,0.12155044,34.728699
PYTHIA 8.317 (Vincia),all visible,0.61,0.615,0.62,0.00839,0.0020986901,0.17895148,21.329139
PYTHIA 8.317 (Vincia),all visible,0.62,0.625,0.63,0.01283,0.002962769,0.24513096,19.106076
PYTHIA 8.317 (Vincia),all visible,0.63,0.635,0.64,0.02148,0.0047140747,0.37949986,17.667591
PYTHIA 8.317 (Vincia),all visible,0.64,0.645,0.65,0.0433,0.00624495,0.4387915,10.133753
PYTHIA 8.317 (Vincia),all visible,0.65,0.655,0.66,0.06556,0.0060092762,0.56133354,8.5621345
PYTHIA 8.317 (Vincia),all visible,0.66,0.665,0.67,0.10284,0.0087529938,0.65164331,6.3364772
PYTHIA 8.317 (Vincia),all visible,0.67,0.675,0.68,0.12575,0.010910642,0.70014341,5.5677409
PYTHIA 8.317 (Vincia),all visible,0.68,0.685,0.69,0.16396,0.014302059,0.76286337,4.6527407
PYTHIA 8.317 (Vincia),all visible,0.69,0.695,0.7,0.18416,0.017426196,0.80626344,4.3780595
PYTHIA 8.317 (Vincia),all visible,0.7,0.705,0.71,0.21424,0.016380446,0.82446831,3.8483397
PYTHIA 8.317 (Vincia),all visible,0.71,0.715,0.72,0.24814,0.022485075,0.86552438,3.4880486
PYTHIA 8.317 (Vincia),all visible,0.72,0.725,0.73,0.29427,0.022167641,0.73187672,2.4870925
PYTHIA 8.317 (Vincia),all visible,0.73,0.735,0.74,0.34347,0.021270538,0.76026151,2.2134728
PYTHIA 8.317 (Vincia),all visible,0.74,0.745,0.75,0.36536,0.022020204,0.79554551,2.1774291
PYTHIA 8.317 (Vincia),all visible,0.75,0.755,0.76,0.43088,0.025987314,1.1032282,2.5604072
PYTHIA 8.317 (Vincia),all visible,0.76,0.765,0.77,0.46923,0.022808213,1.3407987,2.8574446
PYTHIA 8.317 (Vincia),all visible,0.77,0.775,0.78,0.54584,0.022663118,1.6142419,2.9573536
PYTHIA 8.317 (Vincia),all visible,0.78,0.785,0.79,0.59942,0.024884415,2.0292559,3.3853657
PYTHIA 8.317 (Vincia),all visible,0.79,0.795,0.8,0.66087,0.036679069,2.3696734,3.5856877
PYTHIA 8.317 (Vincia),all visible,0.8,0.805,0.81,0.768,0.035146101,2.6462339,3.4456171
PYTHIA 8.317 (Vincia),all visible,0.81,0.815,0.82,0.857,0.037210695,3.3256047,3.8805189
PYTHIA 8.317 (Vincia),all visible,0.82,0.825,0.83,0.98079,0.049712962,3.4062959,3.4730125
PYTHIA 8.317 (Vincia),all visible,0.83,0.835,0.84,1.1127,0.055142726,3.7645912,3.383294
PYTHIA 8.317 (Vincia),all visible,0.84,0.845,0.85,1.27035,0.062496654,4.371828,3.4414359
PYTHIA 8.317 (Vincia),all visible,0.85,0.855,0.86,1.43939,0.054556527,4.7638032,3.3095987
PYTHIA 8.317 (Vincia),all visible,0.86,0.865,0.87,1.63938,0.065292539,5.2417949,3.1974252
PYTHIA 8.317 (Vincia),all visible,0.87,0.875,0.88,1.93459,0.075931955,5.3477207,2.7642657
PYTHIA 8.317 (Vincia),all visible,0.88,0.885,0.89,2.23002,0.076176569,5.426113,2.4332127
PYTHIA 8.317 (Vincia),all visible,0.89,0.895,0.9,2.63072,0.084213729,4.6768406,1.7777797
PYTHIA 8.317 (Vincia),all visible,0.9,0.905,0.91,3.06214,0.10207912,3.6159159,1.1808461
PYTHIA 8.317 (Vincia),all visible,0.91,0.915,0.92,3.70212,0.082993406,2.7222366,0.7353183
PYTHIA 8.317 (Vincia),all visible,0.92,0.925,0.93,4.54709,0.10354825,1.6721461,0.36773982
PYTHIA 8.317 (Vincia),all visible,0.93,0.935,0.94,5.64464,0.12556091,0.75570754,0.13388056
PYTHIA 8.317 (Vincia),all visible,0.94,0.945,0.95,7.27722,0.12360353,0.21210909,0.029146994
PYTHIA 8.317 (Vincia),all visible,0.95,0.955,0.96,9.62952,0.16649535,0.045949929,0.0047717777
PYTHIA 8.317 (Vincia),all visible,0.96,0.965,0.97,13.60396,0.22487906,0.030288009,0.0022264112
PYTHIA 8.317 (Vincia),all visible,0.97,0.975,0.98,18.56511,0.68998782,0.053631316,0.0028888229
PYTHIA 8.317 (Vincia),all visible,0.98,0.985,0.99,12.88646,0.52803447,0.74152468,0.057542931
PYTHIA 8.317 (Vincia),all visible,0.99,0.995,1,1.31186,0.20153219,29.773612,22.695724
Herwig 7.1.5,no photons,0.58,0.585,0.59,0.00115,0.00070349129,0.058802458,51.132572
Herwig 7.1.5,no photons,0.59,0.595,0.6,0.00229,0.0012399194,0.082344408,35.958257
Herwig 7.1.5,no photons,0.6,0.605,0.61,0.0035,0.0014591093,0.13092047,37.40585
Herwig 7.1.5,no photons,0.61,0.615,0.62,0.00839,0.0020986901,0.19676479,23.452299
Herwig 7.1.5,no photons,0.62,0.625,0.63,0.01283,0.002962769,0.22843315,17.80461
Herwig 7.1.5,no photons,0.63,0.635,0.64,0.02148,0.0047140747,0.33193406,15.453169
Herwig 7.1.5,no photons,0.64,0.645,0.65,0.0433,0.00624495,0.50208357,11.595463
Herwig 7.1.5,no photons,0.65,0.655,0.66,0.06556,0.0060092762,0.59208014,9.0311187
Herwig 7.1.5,no photons,0.66,0.665,0.67,0.10284,0.0087529938,0.64220407,6.2446915
Herwig 7.1.5,no photons,0.67,0.675,0.68,0.12575,0.010910642,0.69537323,5.529807
Herwig 7.1.5,no photons,0.68,0.685,0.69,0.16396,0.014302059,0.71890699,4.3846486
Herwig 7.1.5,no photons,0.69,0.695,0.7,0.18416,0.017426196,0.83732236,4.5467113
Herwig 7.1.5,no photons,0.7,0.705,0.71,0.21424,0.016380446,0.86360621,4.0310223
Herwig 7.1.5,no photons,0.71,0.715,0.72,0.24814,0.022485075,0.88868748,3.5813955
Herwig 7.1.5,no photons,0.72,0.725,0.73,0.29427,0.022167641,0.87085546,2.9593756
Herwig 7.1.5,no photons,0.73,0.735,0.74,0.34347,0.021270538,0.9486193,2.7618695
Herwig 7.1.5,no photons,0.74,0.745,0.75,0.36536,0.022020204,1.1032768,3.0196978
Herwig 7.1.5,no photons,0.75,0.755,0.76,0.43088,0.025987314,1.3766684,3.1950158
Herwig 7.1.5,no photons,0.76,0.765,0.77,0.46923,0.022808213,1.6596758,3.5370197
Herwig 7.1.5,no photons,0.77,0.775,0.78,0.54584,0.022663118,1.858416,3.4046899
Herwig 7.1.5,no photons,0.78,0.785,0.79,0.59942,0.024884415,2.0872455,3.4821085
Herwig 7.1.5,no photons,0.79,0.795,0.8,0.66087,0.036679069,2.4928166,3.7720227
Herwig 7.1.5,no photons,0.8,0.805,0.81,0.768,0.035146101,2.7929658,3.6366742
Herwig 7.1.5,no photons,0.81,0.815,0.82,0.857,0.037210695,3.0304363,3.5360983
Herwig 7.1.5,no photons,0.82,0.825,0.83,0.98079,0.049712962,3.3527426,3.4184103
Herwig 7.1.5,no photons,0.83,0.835,0.84,1.1127,0.055142726,3.7481288,3.3684989
Herwig 7.1.5,no photons,0.84,0.845,0.85,1.27035,0.062496654,4.2575233,3.3514569
Herwig 7.1.5,no photons,0.85,0.855,0.86,1.43939,0.054556527,4.5954976,3.1926703
Herwig 7.1.5,no photons,0.86,0.865,0.87,1.63938,0.065292539,4.8942582,2.9854324
Herwig 7.1.5,no photons,0.87,0.875,0.88,1.93459,0.075931955,4.9752666,2.5717421
Herwig 7.1.5,no photons,0.88,0.885,0.89,2.23002,0.076176569,4.613075,2.0686249
Herwig 7.1.5,no photons,0.89,0.895,0.9,2.63072,0.084213729,3.9170911,1.4889806
Herwig 7.1.5,no photons,0.9,0.905,0.91,3.06214,0.10207912,3.4238358,1.1181186
Herwig 7.1.5,no photons,0.91,0.915,0.92,3.70212,0.082993406,2.5921486,0.70017953
Herwig 7.1.5,no photons,0.92,0.925,0.93,4.54709,0.10354825,1.6695032,0.3671586
Herwig 7.1.5,no photons,0.93,0.935,0.94,5.64464,0.12556091,0.97584287,0.17287956
Herwig 7.1.5,no photons,0.94,0.945,0.95,7.27722,0.12360353,0.44917039,0.0617228
Herwig 7.1.5,no photons,0.95,0.955,0.96,9.62952,0.16649535,0.23226377,0.024119974
Herwig 7.1.5,no photons,0.96,0.965,0.97,13.60396,0.22487906,0.1323304,0.0097273439
Herwig 7.1.5,no photons,0.97,0.975,0.98,18.56511,0.68998782,0.14936566,0.0080455035
Herwig 7.1.5,no photons,0.98,0.985,0.99,12.88646,0.52803447,1.2474986,0.096806928
Herwig 7.1.5,no photons,0.99,0.995,1,1.31186,0.20153219,29.784018,22.703656
PYTHIA 8.317,no photons,0.58,0.585,0.59,0.00115,0.00070349129,0.042553797,37.003302
PYTHIA 8.317,no photons,0.59,0.595,0.6,0.00229,0.0012399194,0.079245827,34.605165
PYTHIA 8.317,no photons,0.6,0.605,0.61,0.0035,0.0014591093,0.1232338,35.209658
PYTHIA 8.317,no photons,0.61,0.615,0.62,0.00839,0.0020986901,0.18404937,21.936755
PYTHIA 8.317,no photons,0.62,0.625,0.63,0.01283,0.002962769,0.21307622,16.607656
PYTHIA 8.317,no photons,0.63,0.635,0.64,0.02148,0.0047140747,0.33916559,15.789832
PYTHIA 8.317,no photons,0.64,0.645,0.65,0.0433,0.00624495,0.42708405,9.863373
PYTHIA 8.317,no photons,0.65,0.655,0.66,0.06556,0.0060092762,0.51220685,7.8127952
PYTHIA 8.317,no photons,0.66,0.665,0.67,0.10284,0.0087529938,0.64069099,6.2299785
PYTHIA 8.317,no photons,0.67,0.675,0.68,0.12575,0.010910642,0.67996774,5.4072982
PYTHIA 8.317,no photons,0.68,0.685,0.69,0.16396,0.014302059,0.7969943,4.8609069
PYTHIA 8.317,no photons,0.69,0.695,0.7,0.18416,0.017426196,0.81466686,4.4236906
PYTHIA 8.317,no photons,0.7,0.705,0.71,0.21424,0.016380446,0.82616323,3.8562511
PYTHIA 8.317,no photons,0.71,0.715,0.72,0.24814,0.022485075,0.75952314,3.0608654
PYTHIA 8.317,no photons,0.72,0.725,0.73,0.29427,0.022167641,0.83701718,2.844385
PYTHIA 8.317,no photons,0.73,0.735,0.74,0.34347,0.021270538,0.94419229,2.7489804
PYTHIA 8.317,no photons,0.74,0.745,0.75,0.36536,0.022020204,1.0487311,2.8704049
PYTHIA 8.317,no photons,0.75,0.755,0.76,0.43088,0.025987314,1.2397023,2.8771405
PYTHIA 8.317,no photons,0.76,0.765,0.77,0.46923,0.022808213,1.4318623,3.0515149
PYTHIA 8.317,no photons,0.77,0.775,0.78,0.54584,0.022663118,1.6935401,3.102631
PYTHIA 8.317,no photons,0.78,0.785,0.79,0.59942,0.024884415,1.9820761,3.3066566
PYTHIA 8.317,no photons,0.79,0.795,0.8,0.66087,0.036679069,2.2240608,3.3653529
PYTHIA 8.317,no photons,0.8,0.805,0.81,0.768,0.035146101,2.7262411,3.5497931
PYTHIA 8.317,no photons,0.81,0.815,0.82,0.857,0.037210695,3.0892505,3.6047264
PYTHIA 8.317,no photons,0.82,0.825,0.83,0.98079,0.049712962,3.3317984,3.3970559
PYTHIA 8.317,no photons,0.83,0.835,0.84,1.1127,0.055142726,3.7475408,3.3679705
PYTHIA 8.317,no photons,0.84,0.845,0.85,1.27035,0.062496654,4.2013087,3.3072057
PYTHIA 8.317,no photons,0.85,0.855,0.86,1.43939,0.054556527,4.7067237,3.2699433
PYTHIA 8.317,no photons,0.86,0.865,0.87,1.63938,0.065292539,5.0690778,3.0920701
PYTHIA 8.317,no photons,0.87,0.875,0.88,1.93459,0.075931955,5.0991629,2.6357848
PYTHIA 8.317,no photons,0.88,0.885,0.89,2.23002,0.076176569,4.801158,2.1529664
PYTHIA 8.317,no photons,0.89,0.895,0.9,2.63072,0.084213729,4.2741239,1.6246974
PYTHIA 8.317,no photons,0.9,0.905,0.91,3.06214,0.10207912,3.5153848,1.1480157
PYTHIA 8.317,no photons,0.91,0.915,0.92,3.70212,0.082993406,2.6748848,0.72252784
PYTHIA 8.317,no photons,0.92,0.925,0.93,4.54709,0.10354825,1.6936985,0.37247966
PYTHIA 8.317,no photons,0.93,0.935,0.94,5.64464,0.12556091,1.0282579,0.18216537
PYTHIA 8.317,no photons,0.94,0.945,0.95,7.27722,0.12360353,0.49093007,0.06746121
PYTHIA 8.317,no photons,0.95,0.955,0.96,9.62952,0.16649535,0.2192866,0.02277233
PYTHIA 8.317,no photons,0.96,0.965,0.97,13.60396,0.22487906,0.15534206,0.011418885
PYTHIA 8.317,no photons,0.97,0.975,0.98,18.56511,0.68998782,0.14147344,0.0076203931
PYTHIA 8.317,no photons,0.98,0.985,0.99,12.88646,0.52803447,1.0269879,0.079695114
PYTHIA 8.317,no photons,0.99,0.995,1,1.31186,0.20153219,30.167564,22.996024
Sherpa 2.2.6,no photons,0.58,0.585,0.59,0.00115,0.00070349129,0.042669384,37.103812
Sherpa 2.2.6,no photons,0.59,0.595,0.6,0.00229,0.0012399194,0.055537683,24.252263
Sherpa 2.2.6,no photons,0.6,0.605,0.61,0.0035,0.0014591093,0.11926354,34.075296
Sherpa 2.2.6,no photons,0.61,0.615,0.62,0.00839,0.0020986901,0.22244813,26.513484
Sherpa 2.2.6,no photons,0.62,0.625,0.63,0.01283,0.002962769,0.25216629,19.654426
Sherpa 2.2.6,no photons,0.63,0.635,0.64,0.02148,0.0047140747,0.36203396,16.854468
Sherpa 2.2.6,no photons,0.64,0.645,0.65,0.0433,0.00624495,0.44651522,10.31213
Sherpa 2.2.6,no photons,0.65,0.655,0.66,0.06556,0.0060092762,0.55202181,8.4201009
Sherpa 2.2.6,no photons,0.66,0.665,0.67,0.10284,0.0087529938,0.68946214,6.7042215
Sherpa 2.2.6,no photons,0.67,0.675,0.68,0.12575,0.010910642,0.69841385,5.5539868
Sherpa 2.2.6,no photons,0.68,0.685,0.69,0.16396,0.014302059,0.86563735,5.2795642
Sherpa 2.2.6,no photons,0.69,0.695,0.7,0.18416,0.017426196,0.77935205,4.231929
Sherpa 2.2.6,no photons,0.7,0.705,0.71,0.21424,0.016380446,0.85815052,4.0055569
Sherpa 2.2.6,no photons,0.71,0.715,0.72,0.24814,0.022485075,0.89152159,3.5928169
Sherpa 2.2.6,no photons,0.72,0.725,0.73,0.29427,0.022167641,0.90588995,3.0784312
Sherpa 2.2.6,no photons,0.73,0.735,0.74,0.34347,0.021270538,1.0109369,2.9433049
Sherpa 2.2.6,no photons,0.74,0.745,0.75,0.36536,0.022020204,1.1925465,3.2640313
Sherpa 2.2.6,no photons,0.75,0.755,0.76,0.43088,0.025987314,1.5692177,3.6418902
Sherpa 2.2.6,no photons,0.76,0.765,0.77,0.46923,0.022808213,1.7193673,3.6642314
Sherpa 2.2.6,no photons,0.77,0.775,0.78,0.54584,0.022663118,1.8606418,3.4087678
Sherpa 2.2.6,no photons,0.78,0.785,0.79,0.59942,0.024884415,2.1478955,3.5832897
Sherpa 2.2.6,no photons,0.79,0.795,0.8,0.66087,0.036679069,2.475094,3.7452055
Sherpa 2.2.6,no photons,0.8,0.805,0.81,0.768,0.035146101,2.801638,3.6479662
Sherpa 2.2.6,no photons,0.81,0.815,0.82,0.857,0.037210695,3.0834862,3.5980003
Sherpa 2.2.6,no photons,0.82,0.825,0.83,0.98079,0.049712962,3.4719701,3.539973
Sherpa 2.2.6,no photons,0.83,0.835,0.84,1.1127,0.055142726,4.0792212,3.6660566
Sherpa 2.2.6,no photons,0.84,0.845,0.85,1.27035,0.062496654,4.3372123,3.4141869
Sherpa 2.2.6,no photons,0.85,0.855,0.86,1.43939,0.054556527,4.7854431,3.3246327
Sherpa 2.2.6,no photons,0.86,0.865,0.87,1.63938,0.065292539,5.1397688,3.1351906
Sherpa 2.2.6,no photons,0.87,0.875,0.88,1.93459,0.075931955,4.9781016,2.5732076
Sherpa 2.2.6,no photons,0.88,0.885,0.89,2.23002,0.076176569,4.8117622,2.1577215
Sherpa 2.2.6,no photons,0.89,0.895,0.9,2.63072,0.084213729,3.9450264,1.4995995
Sherpa 2.2.6,no photons,0.9,0.905,0.91,3.06214,0.10207912,3.2707749,1.0681337
Sherpa 2.2.6,no photons,0.91,0.915,0.92,3.70212,0.082993406,2.390448,0.64569706
Sherpa 2.2.6,no photons,0.92,0.925,0.93,4.54709,0.10354825,1.7207508,0.37842901
Sherpa 2.2.6,no photons,0.93,0.935,0.94,5.64464,0.12556091,0.90959738,0.16114356
Sherpa 2.2.6,no photons,0.94,0.945,0.95,7.27722,0.12360353,0.41040333,0.05639562
Sherpa 2.2.6,no photons,0.95,0.955,0.96,9.62952,0.16649535,0.19922343,0.020688822
Sherpa 2.2.6,no photons,0.96,0.965,0.97,13.60396,0.22487906,0.12956848,0.0095243208
Sherpa 2.2.6,no photons,0.97,0.975,0.98,18.56511,0.68998782,0.10688742,0.0057574351
Sherpa 2.2.6,no photons,0.98,0.985,0.99,12.88646,0.52803447,1.2606984,0.097831239
Sherpa 2.2.6,no photons,0.99,0.995,1,1.31186,0.20153219,28.451235,21.687707
PYTHIA 8.317 (Vincia),no photons,0.58,0.585,0.59,0.00115,0.00070349129,0.04328575,37.639783
PYTHIA 8.317 (Vincia),no photons,0.59,0.595,0.6,0.00229,0.0012399194,0.065458772,28.584617
PYTHIA 8.317 (Vincia),no photons,0.6,0.605,0.61,0.0035,0.0014591093,0.11578663,33.081893
PYTHIA 8.317 (Vincia),no photons,0.61,0.615,0.62,0.00839,0.0020986901,0.17176514,20.472604
PYTHIA 8.317 (Vincia),no photons,0.62,0.625,0.63,0.01283,0.002962769,0.23717197,18.485734
PYTHIA 8.317 (Vincia),no photons,0.63,0.635,0.64,0.02148,0.0047140747,0.33903798,15.783891
PYTHIA 8.317 (Vincia),no photons,0.64,0.645,0.65,0.0433,0.00624495,0.44210712,10.210326
PYTHIA 8.317 (Vincia),no photons,0.65,0.655,0.66,0.06556,0.0060092762,0.49679014,7.577641
PYTHIA 8.317 (Vincia),no photons,0.66,0.665,0.67,0.10284,0.0087529938,0.61031468,5.9346041
PYTHIA 8.317 (Vincia),no photons,0.67,0.675,0.68,0.12575,0.010910642,0.75884899,6.0345844
PYTHIA 8.317 (Vincia),no photons,0.68,0.685,0.69,0.16396,0.014302059,0.76149434,4.644391
PYTHIA 8.317 (Vincia),no photons,0.69,0.695,0.7,0.18416,0.017426196,0.77287262,4.1967453
PYTHIA 8.317 (Vincia),no photons,0.7,0.705,0.71,0.21424,0.016380446,0.78546123,3.6662679
PYTHIA 8.317 (Vincia),no photons,0.71,0.715,0.72,0.24814,0.022485075,0.85979782,3.4649707
PYTHIA 8.317 (Vincia),no photons,0.72,0.725,0.73,0.29427,0.022167641,0.77000829,2.6166727
PYTHIA 8.317 (Vincia),no photons,0.73,0.735,0.74,0.34347,0.021270538,0.81776403,2.3808892
PYTHIA 8.317 (Vincia),no photons,0.74,0.745,0.75,0.36536,0.022020204,0.97589497,2.6710504
PYTHIA 8.317 (Vincia),no photons,0.75,0.755,0.76,0.43088,0.025987314,1.2369093,2.8706584
PYTHIA 8.317 (Vincia),no photons,0.76,0.765,0.77,0.46923,0.022808213,1.4307217,3.049084
PYTHIA 8.317 (Vincia),no photons,0.77,0.775,0.78,0.54584,0.022663118,1.6887384,3.0938341
PYTHIA 8.317 (Vincia),no photons,0.78,0.785,0.79,0.59942,0.024884415,1.9933734,3.3255037
PYTHIA 8.317 (Vincia),no photons,0.79,0.795,0.8,0.66087,0.036679069,2.3024797,3.4840131
PYTHIA 8.317 (Vincia),no photons,0.8,0.805,0.81,0.768,0.035146101,2.6409483,3.4387347
PYTHIA 8.317 (Vincia),no photons,0.81,0.815,0.82,0.857,0.037210695,3.0844129,3.5990815
PYTHIA 8.317 (Vincia),no photons,0.82,0.825,0.83,0.98079,0.049712962,3.4413969,3.508801
PYTHIA 8.317 (Vincia),no photons,0.83,0.835,0.84,1.1127,0.055142726,3.6590538,3.288446
PYTHIA 8.317 (Vincia),no photons,0.84,0.845,0.85,1.27035,0.062496654,4.2719259,3.3627944
PYTHIA 8.317 (Vincia),no photons,0.85,0.855,0.86,1.43939,0.054556527,4.6580935,3.236158
PYTHIA 8.317 (Vincia),no photons,0.86,0.865,0.87,1.63938,0.065292539,5.0445694,3.0771203
PYTHIA 8.317 (Vincia),no photons,0.87,0.875,0.88,1.93459,0.075931955,5.1022261,2.6373682
PYTHIA 8.317 (Vincia),no photons,0.88,0.885,0.89,2.23002,0.076176569,5.0414586,2.2607235
PYTHIA 8.317 (Vincia),no photons,0.89,0.895,0.9,2.63072,0.084213729,4.5073481,1.7133515
PYTHIA 8.317 (Vincia),no photons,0.9,0.905,0.91,3.06214,0.10207912,3.5366188,1.1549501
PYTHIA 8.317 (Vincia),no photons,0.91,0.915,0.92,3.70212,0.082993406,2.7350078,0.738768
PYTHIA 8.317 (Vincia),no photons,0.92,0.925,0.93,4.54709,0.10354825,1.8847496,0.41449577
PYTHIA 8.317 (Vincia),no photons,0.93,0.935,0.94,5.64464,0.12556091,1.0216652,0.18099741
PYTHIA 8.317 (Vincia),no photons,0.94,0.945,0.95,7.27722,0.12360353,0.53378758,0.073350481
PYTHIA 8.317 (Vincia),no photons,0.95,0.955,0.96,9.62952,0.16649535,0.23979764,0.024902346
PYTHIA 8.317 (Vincia),no photons,0.96,0.965,0.97,13.60396,0.22487906,0.16675539,0.012257857
PYTHIA 8.317 (Vincia),no photons,0.97,0.975,0.98,18.56511,0.68998782,0.10832177,0.0058346959
PYTHIA 8.317 (Vincia),no photons,0.98,0.985,0.99,12.88646,0.52803447,0.89081157,0.069127717
PYTHIA 8.317 (Vincia),no photons,0.99,0.995,1,1.31186,0.20153219,29.754968,22.681512
Herwig 7.1.5,hadron-only, no photons,0.58,0.585,0.59,0.00115,0.00070349129,0.053446344,46.475082
Herwig 7.1.5,hadron-only, no photons,0.59,0.595,0.6,0.00229,0.0012399194,0.07564373,33.032196
Herwig 7.1.5,hadron-only, no photons,0.6,0.605,0.61,0.0035,0.0014591093,0.12314567,35.184478
Herwig 7.1.5,hadron-only, no photons,0.61,0.615,0.62,0.00839,0.0020986901,0.19252136,22.946527
Herwig 7.1.5,hadron-only, no photons,0.62,0.625,0.63,0.01283,0.002962769,0.24135867,18.812055
Herwig 7.1.5,hadron-only, no photons,0.63,0.635,0.64,0.02148,0.0047140747,0.3285824,15.297132
Herwig 7.1.5,hadron-only, no photons,0.64,0.645,0.65,0.0433,0.00624495,0.46097086,10.645978
Herwig 7.1.5,hadron-only, no photons,0.65,0.655,0.66,0.06556,0.0060092762,0.59571215,9.0865185
Herwig 7.1.5,hadron-only, no photons,0.66,0.665,0.67,0.10284,0.0087529938,0.6624353,6.4414168
Herwig 7.1.5,hadron-only, no photons,0.67,0.675,0.68,0.12575,0.010910642,0.67070532,5.3336407
Herwig 7.1.5,hadron-only, no photons,0.68,0.685,0.69,0.16396,0.014302059,0.73149522,4.4614248
Herwig 7.1.5,hadron-only, no photons,0.69,0.695,0.7,0.18416,0.017426196,0.8143941,4.4222095
Herwig 7.1.5,hadron-only, no photons,0.7,0.705,0.71,0.21424,0.016380446,0.8726168,4.0730807
Herwig 7.1.5,hadron-only, no photons,0.71,0.715,0.72,0.24814,0.022485075,0.85032349,3.4267893
Herwig 7.1.5,hadron-only, no photons,0.72,0.725,0.73,0.29427,0.022167641,0.91020695,3.0931014
Herwig 7.1.5,hadron-only, no photons,0.73,0.735,0.74,0.34347,0.021270538,1.0018558,2.9168655
Herwig 7.1.5,hadron-only, no photons,0.74,0.745,0.75,0.36536,0.022020204,1.1398191,3.1197151
Herwig 7.1.5,hadron-only, no photons,0.75,0.755,0.76,0.43088,0.025987314,1.4828666,3.441484
Herwig 7.1.5,hadron-only, no photons,0.76,0.765,0.77,0.46923,0.022808213,1.6688651,3.5566036
Herwig 7.1.5,hadron-only, no photons,0.77,0.775,0.78,0.54584,0.022663118,1.8149125,3.3249899
Herwig 7.1.5,hadron-only, no photons,0.78,0.785,0.79,0.59942,0.024884415,2.0671951,3.4486589
Herwig 7.1.5,hadron-only, no photons,0.79,0.795,0.8,0.66087,0.036679069,2.3999932,3.6315662
Herwig 7.1.5,hadron-only, no photons,0.8,0.805,0.81,0.768,0.035146101,2.7341558,3.5600987
Herwig 7.1.5,hadron-only, no photons,0.81,0.815,0.82,0.857,0.037210695,3.1189521,3.639384
Herwig 7.1.5,hadron-only, no photons,0.82,0.825,0.83,0.98079,0.049712962,3.3473249,3.4128865
Herwig 7.1.5,hadron-only, no photons,0.83,0.835,0.84,1.1127,0.055142726,3.6040852,3.2390449
Herwig 7.1.5,hadron-only, no photons,0.84,0.845,0.85,1.27035,0.062496654,4.323754,3.4035927
Herwig 7.1.5,hadron-only, no photons,0.85,0.855,0.86,1.43939,0.054556527,4.5079893,3.1318748
Herwig 7.1.5,hadron-only, no photons,0.86,0.865,0.87,1.63938,0.065292539,4.8161251,2.9377723
Herwig 7.1.5,hadron-only, no photons,0.87,0.875,0.88,1.93459,0.075931955,4.804152,2.4832921
Herwig 7.1.5,hadron-only, no photons,0.88,0.885,0.89,2.23002,0.076176569,4.5527075,2.0415546
Herwig 7.1.5,hadron-only, no photons,0.89,0.895,0.9,2.63072,0.084213729,3.8574962,1.4663272
Herwig 7.1.5,hadron-only, no photons,0.9,0.905,0.91,3.06214,0.10207912,3.3338426,1.0887296
Herwig 7.1.5,hadron-only, no photons,0.91,0.915,0.92,3.70212,0.082993406,2.6383636,0.71266291
Herwig 7.1.5,hadron-only, no photons,0.92,0.925,0.93,4.54709,0.10354825,1.7970173,0.39520161
Herwig 7.1.5,hadron-only, no photons,0.93,0.935,0.94,5.64464,0.12556091,1.1154328,0.19760919
Herwig 7.1.5,hadron-only, no photons,0.94,0.945,0.95,7.27722,0.12360353,0.4874651,0.066985071
Herwig 7.1.5,hadron-only, no photons,0.95,0.955,0.96,9.62952,0.16649535,0.31409978,0.032618425
Herwig 7.1.5,hadron-only, no photons,0.96,0.965,0.97,13.60396,0.22487906,0.21208514,0.015589956
Herwig 7.1.5,hadron-only, no photons,0.97,0.975,0.98,18.56511,0.68998782,0.18193786,0.0097999883
Herwig 7.1.5,hadron-only, no photons,0.98,0.985,0.99,12.88646,0.52803447,1.260673,0.097829273
Herwig 7.1.5,hadron-only, no photons,0.99,0.995,1,1.31186,0.20153219,29.833275,22.741203
PYTHIA 8.317,hadron-only, no photons,0.58,0.585,0.59,0.00115,0.00070349129,0.029082039,25.28873
PYTHIA 8.317,hadron-only, no photons,0.59,0.595,0.6,0.00229,0.0012399194,0.065516267,28.609723
PYTHIA 8.317,hadron-only, no photons,0.6,0.605,0.61,0.0035,0.0014591093,0.13442478,38.407079
PYTHIA 8.317,hadron-only, no photons,0.61,0.615,0.62,0.00839,0.0020986901,0.16022295,19.096895
PYTHIA 8.317,hadron-only, no photons,0.62,0.625,0.63,0.01283,0.002962769,0.2453989,19.126961
PYTHIA 8.317,hadron-only, no photons,0.63,0.635,0.64,0.02148,0.0047140747,0.29747381,13.848874
PYTHIA 8.317,hadron-only, no photons,0.64,0.645,0.65,0.0433,0.00624495,0.42799764,9.8844721
PYTHIA 8.317,hadron-only, no photons,0.65,0.655,0.66,0.06556,0.0060092762,0.51167359,7.8046613
PYTHIA 8.317,hadron-only, no photons,0.66,0.665,0.67,0.10284,0.0087529938,0.58374059,5.6762018
PYTHIA 8.317,hadron-only, no photons,0.67,0.675,0.68,0.12575,0.010910642,0.72932057,5.7997659
PYTHIA 8.317,hadron-only, no photons,0.68,0.685,0.69,0.16396,0.014302059,0.74297584,4.5314457
PYTHIA 8.317,hadron-only, no photons,0.69,0.695,0.7,0.18416,0.017426196,0.85755174,4.6565581
PYTHIA 8.317,hadron-only, no photons,0.7,0.705,0.71,0.21424,0.016380446,0.82392555,3.8458063
PYTHIA 8.317,hadron-only, no photons,0.71,0.715,0.72,0.24814,0.022485075,0.78912546,3.1801623
PYTHIA 8.317,hadron-only, no photons,0.72,0.725,0.73,0.29427,0.022167641,0.82589283,2.8065818
PYTHIA 8.317,hadron-only, no photons,0.73,0.735,0.74,0.34347,0.021270538,0.96946638,2.8225649
PYTHIA 8.317,hadron-only, no photons,0.74,0.745,0.75,0.36536,0.022020204,1.0312267,2.8224948
PYTHIA 8.317,hadron-only, no photons,0.75,0.755,0.76,0.43088,0.025987314,1.2838596,2.9796221
PYTHIA 8.317,hadron-only, no photons,0.76,0.765,0.77,0.46923,0.022808213,1.557971,3.3202715
PYTHIA 8.317,hadron-only, no photons,0.77,0.775,0.78,0.54584,0.022663118,1.6651801,3.0506743
PYTHIA 8.317,hadron-only, no photons,0.78,0.785,0.79,0.59942,0.024884415,1.9051066,3.1782499
PYTHIA 8.317,hadron-only, no photons,0.79,0.795,0.8,0.66087,0.036679069,2.3930823,3.621109
PYTHIA 8.317,hadron-only, no photons,0.8,0.805,0.81,0.768,0.035146101,2.6685398,3.4746612
PYTHIA 8.317,hadron-only, no photons,0.81,0.815,0.82,0.857,0.037210695,3.0085619,3.5105739
PYTHIA 8.317,hadron-only, no photons,0.82,0.825,0.83,0.98079,0.049712962,3.270733,3.3347944
PYTHIA 8.317,hadron-only, no photons,0.83,0.835,0.84,1.1127,0.055142726,3.7743692,3.3920816
PYTHIA 8.317,hadron-only, no photons,0.84,0.845,0.85,1.27035,0.062496654,4.1648698,3.2785215
PYTHIA 8.317,hadron-only, no photons,0.85,0.855,0.86,1.43939,0.054556527,4.6879495,3.2569002
PYTHIA 8.317,hadron-only, no photons,0.86,0.865,0.87,1.63938,0.065292539,4.92276,3.0028181
PYTHIA 8.317,hadron-only, no photons,0.87,0.875,0.88,1.93459,0.075931955,4.9237497,2.5451127
PYTHIA 8.317,hadron-only, no photons,0.88,0.885,0.89,2.23002,0.076176569,4.6082112,2.0664439
PYTHIA 8.317,hadron-only, no photons,0.89,0.895,0.9,2.63072,0.084213729,4.0655883,1.545428
PYTHIA 8.317,hadron-only, no photons,0.9,0.905,0.91,3.06214,0.10207912,3.5713499,1.1662922
PYTHIA 8.317,hadron-only, no photons,0.91,0.915,0.92,3.70212,0.082993406,2.744683,0.74138141
PYTHIA 8.317,hadron-only, no photons,0.92,0.925,0.93,4.54709,0.10354825,1.8578212,0.40857365
PYTHIA 8.317,hadron-only, no photons,0.93,0.935,0.94,5.64464,0.12556091,1.1070912,0.1961314
PYTHIA 8.317,hadron-only, no photons,0.94,0.945,0.95,7.27722,0.12360353,0.63739411,0.087587583
PYTHIA 8.317,hadron-only, no photons,0.95,0.955,0.96,9.62952,0.16649535,0.31647515,0.032865101
PYTHIA 8.317,hadron-only, no photons,0.96,0.965,0.97,13.60396,0.22487906,0.19619508,0.014421909
PYTHIA 8.317,hadron-only, no photons,0.97,0.975,0.98,18.56511,0.68998782,0.17827553,0.009602719
PYTHIA 8.317,hadron-only, no photons,0.98,0.985,0.99,12.88646,0.52803447,1.1048321,0.085735888
PYTHIA 8.317,hadron-only, no photons,0.99,0.995,1,1.31186,0.20153219,30.160335,22.990514
Sherpa 2.2.6,hadron-only, no photons,0.58,0.585,0.59,0.00115,0.00070349129,0.031964834,27.795508
Sherpa 2.2.6,hadron-only, no photons,0.59,0.595,0.6,0.00229,0.0012399194,0.060922135,26.603552
Sherpa 2.2.6,hadron-only, no photons,0.6,0.605,0.61,0.0035,0.0014591093,0.098558788,28.159654
Sherpa 2.2.6,hadron-only, no photons,0.61,0.615,0.62,0.00839,0.0020986901,0.22378403,26.672709
Sherpa 2.2.6,hadron-only, no photons,0.62,0.625,0.63,0.01283,0.002962769,0.23564832,18.366978
Sherpa 2.2.6,hadron-only, no photons,0.63,0.635,0.64,0.02148,0.0047140747,0.35953281,16.738027
Sherpa 2.2.6,hadron-only, no photons,0.64,0.645,0.65,0.0433,0.00624495,0.43113245,9.9568696
Sherpa 2.2.6,hadron-only, no photons,0.65,0.655,0.66,0.06556,0.0060092762,0.52981186,8.0813279
Sherpa 2.2.6,hadron-only, no photons,0.66,0.665,0.67,0.10284,0.0087529938,0.66598469,6.4759305
Sherpa 2.2.6,hadron-only, no photons,0.67,0.675,0.68,0.12575,0.010910642,0.73474022,5.8428646
Sherpa 2.2.6,hadron-only, no photons,0.68,0.685,0.69,0.16396,0.014302059,0.79648317,4.8577895
Sherpa 2.2.6,hadron-only, no photons,0.69,0.695,0.7,0.18416,0.017426196,0.83918849,4.5568445
Sherpa 2.2.6,hadron-only, no photons,0.7,0.705,0.71,0.21424,0.016380446,0.86964534,4.0592109
Sherpa 2.2.6,hadron-only, no photons,0.71,0.715,0.72,0.24814,0.022485075,0.89028839,3.5878471
Sherpa 2.2.6,hadron-only, no photons,0.72,0.725,0.73,0.29427,0.022167641,0.94581554,3.2141079
Sherpa 2.2.6,hadron-only, no photons,0.73,0.735,0.74,0.34347,0.021270538,1.0113261,2.9444378
Sherpa 2.2.6,hadron-only, no photons,0.74,0.745,0.75,0.36536,0.022020204,1.2609827,3.451343
Sherpa 2.2.6,hadron-only, no photons,0.75,0.755,0.76,0.43088,0.025987314,1.5753066,3.6560216
Sherpa 2.2.6,hadron-only, no photons,0.76,0.765,0.77,0.46923,0.022808213,1.7104117,3.6451456
Sherpa 2.2.6,hadron-only, no photons,0.77,0.775,0.78,0.54584,0.022663118,1.8865479,3.4562287
Sherpa 2.2.6,hadron-only, no photons,0.78,0.785,0.79,0.59942,0.024884415,2.1261588,3.5470268
Sherpa 2.2.6,hadron-only, no photons,0.79,0.795,0.8,0.66087,0.036679069,2.444766,3.6993145
Sherpa 2.2.6,hadron-only, no photons,0.8,0.805,0.81,0.768,0.035146101,2.8040456,3.651101
Sherpa 2.2.6,hadron-only, no photons,0.81,0.815,0.82,0.857,0.037210695,3.0820982,3.5963807
Sherpa 2.2.6,hadron-only, no photons,0.82,0.825,0.83,0.98079,0.049712962,3.4908898,3.5592632
Sherpa 2.2.6,hadron-only, no photons,0.83,0.835,0.84,1.1127,0.055142726,4.0668304,3.6549208
Sherpa 2.2.6,hadron-only, no photons,0.84,0.845,0.85,1.27035,0.062496654,4.3241997,3.4039436
Sherpa 2.2.6,hadron-only, no photons,0.85,0.855,0.86,1.43939,0.054556527,4.6354432,3.220422
Sherpa 2.2.6,hadron-only, no photons,0.86,0.865,0.87,1.63938,0.065292539,5.1174503,3.1215766
Sherpa 2.2.6,hadron-only, no photons,0.87,0.875,0.88,1.93459,0.075931955,4.9633017,2.5655574
Sherpa 2.2.6,hadron-only, no photons,0.88,0.885,0.89,2.23002,0.076176569,4.3767905,1.9626687
Sherpa 2.2.6,hadron-only, no photons,0.89,0.895,0.9,2.63072,0.084213729,4.0370882,1.5345944
Sherpa 2.2.6,hadron-only, no photons,0.9,0.905,0.91,3.06214,0.10207912,3.2329057,1.0557668
Sherpa 2.2.6,hadron-only, no photons,0.91,0.915,0.92,3.70212,0.082993406,2.4393903,0.65891714
Sherpa 2.2.6,hadron-only, no photons,0.92,0.925,0.93,4.54709,0.10354825,1.7853431,0.3926342
Sherpa 2.2.6,hadron-only, no photons,0.93,0.935,0.94,5.64464,0.12556091,1.0600274,0.18779362
Sherpa 2.2.6,hadron-only, no photons,0.94,0.945,0.95,7.27722,0.12360353,0.5007018,0.068803994
Sherpa 2.2.6,hadron-only, no photons,0.95,0.955,0.96,9.62952,0.16649535,0.27922731,0.028997013
Sherpa 2.2.6,hadron-only, no photons,0.96,0.965,0.97,13.60396,0.22487906,0.17098,0.012568399
Sherpa 2.2.6,hadron-only, no photons,0.97,0.975,0.98,18.56511,0.68998782,0.14593459,0.0078606906
Sherpa 2.2.6,hadron-only, no photons,0.98,0.985,0.99,12.88646,0.52803447,1.3085265,0.10154274
Sherpa 2.2.6,hadron-only, no photons,0.99,0.995,1,1.31186,0.20153219,28.449825,21.686632
PYTHIA 8.317 (Vincia),hadron-only, no photons,0.58,0.585,0.59,0.00115,0.00070349129,0.036888914,32.077316
PYTHIA 8.317 (Vincia),hadron-only, no photons,0.59,0.595,0.6,0.00229,0.0012399194,0.056877141,24.837179
PYTHIA 8.317 (Vincia),hadron-only, no photons,0.6,0.605,0.61,0.0035,0.0014591093,0.1036561,29.616027
PYTHIA 8.317 (Vincia),hadron-only, no photons,0.61,0.615,0.62,0.00839,0.0020986901,0.16075239,19.159999
PYTHIA 8.317 (Vincia),hadron-only, no photons,0.62,0.625,0.63,0.01283,0.002962769,0.25011413,19.494476
PYTHIA 8.317 (Vincia),hadron-only, no photons,0.63,0.635,0.64,0.02148,0.0047140747,0.32562327,15.15937
PYTHIA 8.317 (Vincia),hadron-only, no photons,0.64,0.645,0.65,0.0433,0.00624495,0.41386939,9.5581846
PYTHIA 8.317 (Vincia),hadron-only, no photons,0.65,0.655,0.66,0.06556,0.0060092762,0.52122656,7.9503746
PYTHIA 8.317 (Vincia),hadron-only, no photons,0.66,0.665,0.67,0.10284,0.0087529938,0.65620809,6.3808643
PYTHIA 8.317 (Vincia),hadron-only, no photons,0.67,0.675,0.68,0.12575,0.010910642,0.76394724,6.0751272
PYTHIA 8.317 (Vincia),hadron-only, no photons,0.68,0.685,0.69,0.16396,0.014302059,0.70519938,4.3010452
PYTHIA 8.317 (Vincia),hadron-only, no photons,0.69,0.695,0.7,0.18416,0.017426196,0.74254543,4.0320669
PYTHIA 8.317 (Vincia),hadron-only, no photons,0.7,0.705,0.71,0.21424,0.016380446,0.76785849,3.5841042
PYTHIA 8.317 (Vincia),hadron-only, no photons,0.71,0.715,0.72,0.24814,0.022485075,0.85107857,3.4298322
PYTHIA 8.317 (Vincia),hadron-only, no photons,0.72,0.725,0.73,0.29427,0.022167641,0.85547109,2.9070958
PYTHIA 8.317 (Vincia),hadron-only, no photons,0.73,0.735,0.74,0.34347,0.021270538,0.88004104,2.5622064
PYTHIA 8.317 (Vincia),hadron-only, no photons,0.74,0.745,0.75,0.36536,0.022020204,0.95075369,2.602238
PYTHIA 8.317 (Vincia),hadron-only, no photons,0.75,0.755,0.76,0.43088,0.025987314,1.3245433,3.0740421
PYTHIA 8.317 (Vincia),hadron-only, no photons,0.76,0.765,0.77,0.46923,0.022808213,1.4335443,3.0550993
PYTHIA 8.317 (Vincia),hadron-only, no photons,0.77,0.775,0.78,0.54584,0.022663118,1.7193677,3.1499481
PYTHIA 8.317 (Vincia),hadron-only, no photons,0.78,0.785,0.79,0.59942,0.024884415,1.9982472,3.3336346
PYTHIA 8.317 (Vincia),hadron-only, no photons,0.79,0.795,0.8,0.66087,0.036679069,2.2666808,3.4298438
PYTHIA 8.317 (Vincia),hadron-only, no photons,0.8,0.805,0.81,0.768,0.035146101,2.5171633,3.2775563
PYTHIA 8.317 (Vincia),hadron-only, no photons,0.81,0.815,0.82,0.857,0.037210695,2.9877298,3.4862658
PYTHIA 8.317 (Vincia),hadron-only, no photons,0.82,0.825,0.83,0.98079,0.049712962,3.511629,3.5804087
PYTHIA 8.317 (Vincia),hadron-only, no photons,0.83,0.835,0.84,1.1127,0.055142726,3.6866968,3.3132892
PYTHIA 8.317 (Vincia),hadron-only, no photons,0.84,0.845,0.85,1.27035,0.062496654,4.2930048,3.3793874
PYTHIA 8.317 (Vincia),hadron-only, no photons,0.85,0.855,0.86,1.43939,0.054556527,4.5713277,3.1758784
PYTHIA 8.317 (Vincia),hadron-only, no photons,0.86,0.865,0.87,1.63938,0.065292539,4.9239387,3.0035371
PYTHIA 8.317 (Vincia),hadron-only, no photons,0.87,0.875,0.88,1.93459,0.075931955,4.9756046,2.5719168
PYTHIA 8.317 (Vincia),hadron-only, no photons,0.88,0.885,0.89,2.23002,0.076176569,4.8499506,2.1748462
PYTHIA 8.317 (Vincia),hadron-only, no photons,0.89,0.895,0.9,2.63072,0.084213729,4.3561081,1.6558616
PYTHIA 8.317 (Vincia),hadron-only, no photons,0.9,0.905,0.91,3.06214,0.10207912,3.6972072,1.2073933
PYTHIA 8.317 (Vincia),hadron-only, no photons,0.91,0.915,0.92,3.70212,0.082993406,2.6924893,0.72728309
PYTHIA 8.317 (Vincia),hadron-only, no photons,0.92,0.925,0.93,4.54709,0.10354825,1.960943,0.4312523
PYTHIA 8.317 (Vincia),hadron-only, no photons,0.93,0.935,0.94,5.64464,0.12556091,1.1492497,0.20360017
PYTHIA 8.317 (Vincia),hadron-only, no photons,0.94,0.945,0.95,7.27722,0.12360353,0.69658502,0.095721308
PYTHIA 8.317 (Vincia),hadron-only, no photons,0.95,0.955,0.96,9.62952,0.16649535,0.31310043,0.032514646
PYTHIA 8.317 (Vincia),hadron-only, no photons,0.96,0.965,0.97,13.60396,0.22487906,0.19519021,0.014348044
PYTHIA 8.317 (Vincia),hadron-only, no photons,0.97,0.975,0.98,18.56511,0.68998782,0.14976117,0.0080668078
PYTHIA 8.317 (Vincia),hadron-only, no photons,0.98,0.985,0.99,12.88646,0.52803447,0.90246089,0.070031715
PYTHIA 8.317 (Vincia),hadron-only, no photons,0.99,0.995,1,1.31186,0.20153219,29.785366,22.704683
